날짜,지점,평균기온(℃),최저기온(℃),최고기온(℃)
2020-01-01,247,-2.5,-9.3,3.5
2020-01-02,247,-0.5,-5.6,7.1
2020-01-03,247,0.9,-3.8,7.5
2020-01-04,247,0.1,-4.8,7.8
2020-01-05,247,,-6.2,9.1
2020-01-06,247,4.3,-0.6,7.1
2020-01-07,247,11.7,6.9,17.5
2020-01-08,247,4.2,2.7,11.3
2020-01-09,247,1.7,-2.4,5.3
2020-01-10,247,-0.2,-5.2,8.1
2020-01-11,247,1.7,-3.9,7.8
2020-01-12,247,1.4,0.4,3.9
2020-01-13,247,0.1,-3.5,3.5
2020-01-14,247,0.2,-3.2,5.6
2020-01-15,247,-1.3,-5.1,4.1
2020-01-16,247,-0.1,-5.4,7.2
2020-01-17,247,0.3,-3.9,7.2
2020-01-18,247,-0.8,-6.7,7.3
2020-01-19,247,0.4,-4.1,5.1
2020-01-20,247,1.1,-3.3,6.3
2020-01-21,247,0.7,-6.7,8.8
2020-01-22,247,2.5,0.5,3.8
2020-01-23,247,,2.6,8.7
2020-01-24,247,4.4,-1.3,12.7
2020-01-25,247,5.6,1.4,10.4
2020-01-26,247,7,1.2,11
2020-01-27,247,5.3,3.6,8.7
2020-01-28,247,6.6,3.2,11.3
2020-01-29,247,5.8,3.8,8.8
2020-01-30,247,4.6,2.2,8.4
2020-01-31,247,2.8,-2.3,6.6
2020-02-01,247,1,-4.3,7.2
2020-02-02,247,1.6,-3,8.5
2020-02-03,247,0.5,-3.4,5.9
2020-02-04,247,-0.7,-7.2,7.4
2020-02-05,247,-3,-6.9,0.5
2020-02-06,247,-3.7,-10.8,3
2020-02-07,247,-1.3,-7.3,5.4
2020-02-08,247,1.3,-2.8,6.1
2020-02-09,247,-1.1,-6.5,6.2
2020-02-10,247,3.1,-3.8,12.1
2020-02-11,247,5.5,-3.9,14.2
2020-02-12,247,8.9,7,10.7
2020-02-13,247,7.5,2.5,11.1
2020-02-14,247,,2,18.3
2020-02-15,247,9.9,2.9,17.1
2020-02-16,247,0.8,-1.8,9.4
2020-02-17,247,-3.5,-5.7,-1.7
2020-02-18,247,-2.2,-5.9,3.2
2020-02-19,247,1.3,-6,10
2020-02-20,247,5,-2,13.6
2020-02-21,247,7.1,-1.9,15.6
2020-02-22,247,6.2,1.7,10.1
2020-02-23,247,2.9,-2.8,10
2020-02-24,247,6.5,-3.6,15.4
2020-02-25,247,9.4,7.7,11
2020-02-26,247,8.7,2.7,14.9
2020-02-27,247,6.8,0.6,12.8
2020-02-28,247,4.9,3.8,6.7
2020-02-29,247,6.9,3.3,13.6
2020-03-01,247,5.8,0.6,12.8
2020-03-02,247,4.9,0.8,10
2020-03-03,247,6.3,-1.6,13.2
2020-03-04,247,3.4,-0.4,7.6
2020-03-05,247,2.1,-2.5,8.2
2020-03-06,247,3.7,-5.1,13.5
2020-03-07,247,4,0.9,7.5
2020-03-08,247,7.1,1,16.6
2020-03-09,247,8.1,1.2,14
2020-03-10,247,6.3,2.9,10.3
2020-03-11,247,3.6,-1.4,8.9
2020-03-12,247,5.6,-4,16.2
2020-03-13,247,5.7,0.9,13.4
2020-03-14,247,4,-1.5,9.4
2020-03-15,247,4,-2.1,11.7
2020-03-16,247,3.7,-3.6,11.3
2020-03-17,247,6.9,-2.6,16.9
2020-03-18,247,8.9,0.3,18.7
2020-03-19,247,7.8,2.8,14.2
2020-03-20,247,8.1,-1.1,16.5
2020-03-21,247,12.6,0.4,24.2
2020-03-22,247,13.4,5.5,21.9
2020-03-23,247,8.9,0,17.6
2020-03-24,247,10.1,0.3,19.5
2020-03-25,247,12.5,3.2,21.2
2020-03-26,247,12.1,9,14.7
2020-03-27,247,10.6,4.1,15.2
2020-03-28,247,6,1.7,10.9
2020-03-29,247,7.6,-1.5,16.2
2020-03-30,247,11.4,6.1,18.5
2020-03-31,247,12,3.1,20.9
2020-04-01,247,9.6,2.2,18.3
2020-04-02,247,8.3,-0.4,17.9
2020-04-03,247,8.8,0.4,18.5
2020-04-04,247,6.5,-0.6,18.5
2020-04-05,247,5.5,-2.2,15.2
2020-04-06,247,8,-2.7,18.4
2020-04-07,247,10.9,1,20.1
2020-04-08,247,8.6,2.3,16.6
2020-04-09,247,7.7,-0.7,15.6
2020-04-10,247,9.9,5.6,15
2020-04-11,247,7.6,5.8,11.1
2020-04-12,247,7.5,3.8,12.3
2020-04-13,247,8.1,1.7,15.9
2020-04-14,247,10.9,0.2,21.8
2020-04-15,247,11.4,2.5,20.5
2020-04-16,247,13.3,2.2,23
2020-04-17,247,11.9,9,16.4
2020-04-18,247,12.2,8.7,18.7
2020-04-19,247,10.6,8.4,14.1
2020-04-20,247,10.7,6.3,17
2020-04-21,247,8.6,4.9,14.5
2020-04-22,247,6.5,1.2,11.9
2020-04-23,247,7.9,2.1,13.7
2020-04-24,247,8.5,-0.3,16.3
2020-04-25,247,13,1.5,22.7
2020-04-26,247,11.8,5.4,18.7
2020-04-27,247,10.5,3,18.5
2020-04-28,247,11.6,2.2,20.7
2020-04-29,247,14.1,4,24
2020-04-30,247,16.9,4.6,26.5
2020-05-01,247,21.4,16.3,28.7
2020-05-02,247,20,15.9,25.5
2020-05-03,247,17.6,15.7,20.9
2020-05-04,247,19.1,14,26
2020-05-05,247,17.1,11.7,22.2
2020-05-06,247,21,11.8,29.3
2020-05-07,247,19.3,14.8,25
2020-05-08,247,17.7,8.5,22.9
2020-05-09,247,17.9,13.9,21.2
2020-05-10,247,14.3,10.9,18.7
2020-05-11,247,16.9,9.3,25.8
2020-05-12,247,16.6,9.4,22.2
2020-05-13,247,15,6.5,23.3
2020-05-14,247,18.6,9.3,26.7
2020-05-15,247,16.3,14.8,20
2020-05-16,247,19.4,15.4,25.2
2020-05-17,247,21.7,17.3,29
2020-05-18,247,18.7,13.5,25.8
2020-05-19,247,13.4,11.7,15.8
2020-05-20,247,15.7,10.5,21.7
2020-05-21,247,17.4,10.6,24.1
2020-05-22,247,18.7,12.8,25.3
2020-05-23,247,19.5,11.1,26.9
2020-05-24,247,18.2,14.5,23.8
2020-05-25,247,17.9,14.3,23.3
2020-05-26,247,18.8,14.2,25.1
2020-05-27,247,19.2,14.2,25.6
2020-05-28,247,18.1,11,25.6
2020-05-29,247,20.4,11.8,28.1
2020-05-30,247,20.8,15.7,26.6
2020-05-31,247,20.4,15.6,26
2020-06-01,247,20.3,14,25.5
2020-06-02,247,20.9,11.7,28.2
2020-06-03,247,22.9,18.3,28.6
2020-06-04,247,25.5,20,32.3
2020-06-05,247,25.4,18.1,32.5
2020-06-06,247,23.2,19,30.5
2020-06-07,247,23.7,19,29.8
2020-06-08,247,24.7,18.2,32.3
2020-06-09,247,25.5,17.5,33.1
2020-06-10,247,24.9,20,33
2020-06-11,247,25.3,21.3,31.2
2020-06-12,247,25.2,21.7,31.8
2020-06-13,247,24,21.2,28.3
2020-06-14,247,22.9,19.9,25.1
2020-06-15,247,22.6,16.8,28.9
2020-06-16,247,23,15.5,29.5
2020-06-17,247,22.2,17.9,27.5
2020-06-18,247,18.5,16.9,19.5
2020-06-19,247,22.7,17.4,28.8
2020-06-20,247,22.9,18,28.5
2020-06-21,247,24.9,18.9,31.1
2020-06-22,247,24.8,18.9,31.9
2020-06-23,247,24.9,19,31.7
2020-06-24,247,22.5,20.5,25.2
2020-06-25,247,22.2,20.5,23.9
2020-06-26,247,22.5,19,28.1
2020-06-27,247,23.7,18.6,30.5
2020-06-28,247,24.8,19,30.5
2020-06-29,247,21.4,18.7,25.8
2020-06-30,247,20.6,18.1,23.3
2020-07-01,247,21.2,17.4,26.6
2020-07-02,247,22.1,16.6,26.8
2020-07-03,247,20.2,17.7,21.7
2020-07-04,247,20.2,18.3,22.9
2020-07-05,247,22.3,19.4,26.6
2020-07-06,247,22.5,19.2,25.5
2020-07-07,247,25.2,20.9,30.8
2020-07-08,247,25.1,21.2,30.3
2020-07-09,247,24.9,20.3,29.4
2020-07-10,247,25.6,21.5,30.5
2020-07-11,247,25.4,22.6,29.2
2020-07-12,247,21.6,19.6,24.4
2020-07-13,247,19.5,18.2,21.8
2020-07-14,247,20.1,18.8,22.6
2020-07-15,247,19.8,18.3,22.2
2020-07-16,247,23.4,19,29.5
2020-07-17,247,24.1,19.3,30.6
2020-07-18,247,23.4,20.6,27
2020-07-19,247,26.1,21.8,29.6
2020-07-20,247,25.7,22.6,29
2020-07-21,247,25.3,22,29.6
2020-07-22,247,23.1,22,24.5
2020-07-23,247,22.5,21.4,24.1
2020-07-24,247,20.9,19.9,23.7
2020-07-25,247,22.3,19.8,26.1
2020-07-26,247,23.8,21,29.4
2020-07-27,247,23.1,20.6,26.4
2020-07-28,247,24.6,22.4,30.5
2020-07-29,247,23.9,23.2,25.2
2020-07-30,247,25,22.9,28.8
2020-07-31,247,26.4,22.6,30.6
2020-08-01,247,26.2,23.5,30.4
2020-08-02,247,27.7,24.3,30.7
2020-08-03,247,27.7,25,31.5
2020-08-04,247,27.6,23.4,32.7
2020-08-05,247,26.7,24.3,29
2020-08-06,247,25.9,24.8,27.1
2020-08-07,247,24.2,22.9,25.6
2020-08-08,247,24.4,23,26.6
2020-08-09,247,28.2,25.3,32
2020-08-10,247,25.3,24.2,27.3
2020-08-11,247,26.9,24.2,29.9
2020-08-12,247,26.7,23.6,31.1
2020-08-13,247,28.1,23.9,32.8
2020-08-14,247,28.8,24.7,32.9
2020-08-15,247,28.1,23.8,33.9
2020-08-16,247,27.9,21.6,33.9
2020-08-17,247,27.9,23.9,33.7
2020-08-18,247,27.8,23.6,34.2
2020-08-19,247,28,22.4,34.7
2020-08-20,247,27.5,21.9,34.7
2020-08-21,247,27.3,22.3,32.9
2020-08-22,247,27.1,24.8,30.7
2020-08-23,247,27.2,23.6,32.5
2020-08-24,247,27.7,22.6,33.2
2020-08-25,247,28,22.4,33.4
2020-08-26,247,27.5,24.9,32.7
2020-08-27,247,28.5,25.8,31.8
2020-08-28,247,26.9,22.8,32.3
2020-08-29,247,25.9,24.5,30.4
2020-08-30,247,26.9,23.4,32.4
2020-08-31,247,27.2,24.5,31.5
2020-09-01,247,26.5,22.5,31.4
2020-09-02,247,25.5,23.5,28.4
2020-09-03,247,23.2,18.8,27.5
2020-09-04,247,22.4,16.8,29.1
2020-09-05,247,21.1,19.1,24.5
2020-09-06,247,20.5,18.3,23.5
2020-09-07,247,19.7,17.3,21.8
2020-09-08,247,22.9,19.9,28.2
2020-09-09,247,21,18.6,26.1
2020-09-10,247,21.5,18.2,27.6
2020-09-11,247,20.6,18.7,22.7
2020-09-12,247,21.4,18.7,24.9
2020-09-13,247,19.5,17.4,23.1
2020-09-14,247,21.1,17.3,26.9
2020-09-15,247,22.3,16.9,28.8
2020-09-16,247,22.1,19.2,25.6
2020-09-17,247,20.6,18.1,23.8
2020-09-18,247,18.3,13.4,24.1
2020-09-19,247,17.8,11.6,25.2
2020-09-20,247,17.6,11.9,25.3
2020-09-21,247,17.2,10.7,24.4
2020-09-22,247,18.3,14.7,22.8
2020-09-23,247,19.1,14.5,22.6
2020-09-24,247,20.6,17.7,25.5
2020-09-25,247,19.7,13.1,25.7
2020-09-26,247,19.9,14.9,26
2020-09-27,247,19.9,15.5,25.5
2020-09-28,247,18.2,12.2,25.2
2020-09-29,247,17.1,10.2,25.3
2020-09-30,247,18.2,12.2,25.1
2020-10-01,247,19.8,14.1,25.7
2020-10-02,247,19.8,14.5,25.5
2020-10-03,247,19.6,15.9,25.9
2020-10-04,247,17.2,13.7,20.5
2020-10-05,247,13.9,7.6,19.6
2020-10-06,247,14,7.7,21
2020-10-07,247,16.6,10,22.8
2020-10-08,247,17.9,14.9,22.1
2020-10-09,247,18.3,14.6,22.4
2020-10-10,247,17.6,11.8,23.7
2020-10-11,247,17.5,12.3,23.5
2020-10-12,247,16.9,13.2,22.9
2020-10-13,247,12.7,8,18.8
2020-10-14,247,12.4,6.9,18.9
2020-10-15,247,12.9,7.9,20.6
2020-10-16,247,11,5.8,15.9
2020-10-17,247,12.3,5.8,20.5
2020-10-18,247,12.2,5.6,21.5
2020-10-19,247,12.2,4.6,22
2020-10-20,247,12.7,4.9,22.9
2020-10-21,247,12.5,8.6,16.3
2020-10-22,247,12.9,8,18.4
2020-10-23,247,9.2,4.3,15.2
2020-10-24,247,9.1,3.1,15.5
2020-10-25,247,11.2,4.4,19.3
2020-10-26,247,11.3,3.4,20.9
2020-10-27,247,11.7,4.5,21.4
2020-10-28,247,13.4,8.1,21
2020-10-29,247,9.8,2.3,19.2
2020-10-30,247,10.4,2.2,20
2020-10-31,247,10.6,4.4,18.4
2020-11-01,247,10.6,7.6,11.7
2020-11-02,247,11.1,3.7,17.2
2020-11-03,247,5.9,0.7,10.8
2020-11-04,247,4.4,-1.2,12.4
2020-11-05,247,7.1,-2.6,17
2020-11-06,247,9.9,7.9,12.1
2020-11-07,247,11.7,5.9,20.9
2020-11-08,247,7.8,1.9,16.8
2020-11-09,247,5.6,-1.3,12.4
2020-11-10,247,7,1.2,14.3
2020-11-11,247,7.1,-1,17.6
2020-11-12,247,7.8,-0.3,18.5
2020-11-13,247,9,0.2,19.9
2020-11-14,247,10.1,2.7,19.5
2020-11-15,247,10.7,5.1,18.7
2020-11-16,247,12,4.3,21.4
2020-11-17,247,15.7,12.2,21
2020-11-18,247,18.3,13.2,22.7
2020-11-19,247,17.4,11.2,22
2020-11-20,247,7.7,5.5,11.3
2020-11-21,247,7.7,-0.3,15.5
2020-11-22,247,8.2,4.9,10.2
2020-11-23,247,4.2,0.2,8.9
2020-11-24,247,4.5,0,12.1
2020-11-25,247,4.5,-1.8,12.5
2020-11-26,247,7.1,1.5,13.4
2020-11-27,247,5.6,2.7,9.3
2020-11-28,247,2.9,0.7,5.9
2020-11-29,247,2.4,-0.5,7.3
2020-11-30,247,1.7,-2.3,8.3
2020-12-01,247,1.5,-4.9,10.7
2020-12-02,247,1.9,-3.5,10.6
2020-12-03,247,1.6,-3.6,7.9
2020-12-04,247,0.1,-5.1,7.2
2020-12-05,247,1.5,-5.2,8.9
2020-12-06,247,2.3,-3.3,10.2
2020-12-07,247,2.8,-2.7,8.5
2020-12-08,247,0.7,-3.8,6.9
2020-12-09,247,0.9,-6.6,9.2
2020-12-10,247,4.4,0.9,10.8
2020-12-11,247,4.6,-0.5,11.1
2020-12-12,247,4.2,-1.8,9.7
2020-12-13,247,1.3,-3.1,10.3
2020-12-14,247,-3.7,-7.8,-0.4
2020-12-15,247,-5.4,-9.2,-0.2
2020-12-16,247,-5,-8.3,-0.6
2020-12-17,247,-4,-10.2,3.4
2020-12-18,247,-1.3,-6.4,5.4
2020-12-19,247,-3,-6.3,1.9
2020-12-20,247,-2.2,-7.2,4.3
2020-12-21,247,-0.5,-6.9,6.3
2020-12-22,247,-0.7,-5.5,6
2020-12-23,247,0.7,-4.9,8.3
2020-12-24,247,2.6,-2.3,9.6
2020-12-25,247,-0.1,-4.3,4.8
2020-12-26,247,0.9,-5.1,7.7
2020-12-27,247,2.6,-0.2,6.7
2020-12-28,247,1.8,-1,9.3
2020-12-29,247,0.7,-2,8.7
2020-12-30,247,-7,-10,-1.7
2020-12-31,247,-5.8,-12.3,-1.7
2021-01-01,247,-3.9,-10.3,2.2
2021-01-02,247,-2.1,-6.9,2
2021-01-03,247,-3,-7.6,2.7
2021-01-04,247,-1.7,-7.8,5.8
2021-01-05,247,-1.7,-6.8,1.7
2021-01-06,247,-4.8,-11,0.3
2021-01-07,247,-10.6,-17.1,-3.2
2021-01-08,247,-13.9,-19.7,-6.9
2021-01-09,247,-12,-18.6,-3.7
2021-01-10,247,-8.7,-15.5,-1.6
2021-01-11,247,-5.2,-8.7,-1.1
2021-01-12,247,-3.7,-10.4,2.1
2021-01-13,247,2,-6.1,10.3
2021-01-14,247,3.8,-2,12.8
2021-01-15,247,6.4,-0.4,14.4
2021-01-16,247,-1.3,-4.6,3.2
2021-01-17,247,-3.5,-7.9,0.9
2021-01-18,247,-1.6,-4.6,4.2
2021-01-19,247,-4.5,-10.4,2.4
2021-01-20,247,-0.7,-9.2,9.4
2021-01-21,247,4.9,0,9.8
2021-01-22,247,7.9,5.3,10.6
2021-01-23,247,9.5,6.6,11.1
2021-01-24,247,8.1,3.5,12
2021-01-25,247,8.3,1.3,14.5
2021-01-26,247,5.5,3.8,7.5
2021-01-27,247,4,-0.5,9.7
2021-01-28,247,-1,-5.9,5.9
2021-01-29,247,-5.3,-9.1,-0.9
2021-01-30,247,-1,-8.2,7.3
2021-01-31,247,3.7,-4.8,11.8
2021-02-01,247,7.4,3.4,10.5
2021-02-02,247,-2,-5.6,3.4
2021-02-03,247,-1.9,-8.4,3.9
2021-02-04,247,-0.3,-4.8,4.3
2021-02-05,247,-0.1,-7,7.9
2021-02-06,247,2.8,-4.3,9.1
2021-02-07,247,5.8,0.5,12.9
2021-02-08,247,-1.3,-5.2,3.1
2021-02-09,247,-1,-8,7.4
2021-02-10,247,1.1,-6.3,10.7
2021-02-11,247,3.7,-2.6,11.6
2021-02-12,247,6.1,-1.2,15.7
2021-02-13,247,7.6,-2.3,18.9
2021-02-14,247,9.8,3.2,17.8
2021-02-15,247,2.8,-2.4,9
2021-02-16,247,-1.2,-6,5.2
2021-02-17,247,-6.4,-7.8,-4
2021-02-18,247,-4.6,-8.3,-1.3
2021-02-19,247,1,-5.4,8.8
2021-02-20,247,6.5,-2.5,17.2
2021-02-21,247,11.5,-0.1,22.3
2021-02-22,247,9.2,1.6,19.7
2021-02-23,247,2.4,-3.5,9.3
2021-02-24,247,2.5,-3.1,10
2021-02-25,247,3.3,-0.5,5.5
2021-02-26,247,9,5.5,13.5
2021-02-27,247,7.9,5.2,12.2
2021-02-28,247,8.3,4.8,12.8
2021-03-01,247,12,5.5,16
2021-03-02,247,3.6,-1.1,8
2021-03-03,247,3.8,-3.6,11.5
2021-03-04,247,5.3,1.3,9.1
2021-03-05,247,9.5,2.1,19.3
2021-03-06,247,8.1,2.2,16.7
2021-03-07,247,7.5,4.3,12.2
2021-03-08,247,7.6,2.8,15.1
2021-03-09,247,8.1,4.2,14.9
2021-03-10,247,9,-0.7,18.8
2021-03-11,247,10.4,2.3,18.5
2021-03-12,247,8.4,6.4,10.7
2021-03-13,247,8,1.4,15.9
2021-03-14,247,7.8,1.3,14.5
2021-03-15,247,10.5,1.5,18
2021-03-16,247,11,3.6,17.8
2021-03-17,247,8.7,-1,19.4
2021-03-18,247,11.1,1.8,20.6
2021-03-19,247,13.5,7.6,20.2
2021-03-20,247,9.1,6.8,12.3
2021-03-21,247,5.6,3.6,9.6
2021-03-22,247,5.5,-0.4,11.3
2021-03-23,247,7.4,-1.3,17
2021-03-24,247,7.7,0.2,15.3
2021-03-25,247,11.6,1.6,21.5
2021-03-26,247,13.2,2.4,24.7
2021-03-27,247,12.6,5.5,17.4
2021-03-28,247,11.5,8.2,14.9
2021-03-29,247,12,7.1,17.7
2021-03-30,247,12.3,6,21.4
2021-03-31,247,13.1,2.2,23.6
2021-04-01,247,15,7.8,21
2021-04-02,247,18.1,12.6,24.1
2021-04-03,247,16.5,15.4,18.4
2021-04-04,247,11.7,9.2,16.1
2021-04-05,247,11.1,5.2,18.2
2021-04-06,247,10.7,3.3,19.5
2021-04-07,247,12.4,3.1,22.7
2021-04-08,247,11.4,5.2,18.9
2021-04-09,247,11,1.4,19.3
2021-04-10,247,12.5,6,19.4
2021-04-11,247,13.4,4.6,22.5
2021-04-12,247,13,10.8,15.5
2021-04-13,247,10.1,4,15.3
2021-04-14,247,8.4,2.4,15.2
2021-04-15,247,9.7,-0.4,18.9
2021-04-16,247,11.1,4,18.1
2021-04-17,247,9.7,3.4,15.9
2021-04-18,247,9.6,3.2,15.9
2021-04-19,247,10.8,0.5,20.7
2021-04-20,247,14.9,2.6,26.3
2021-04-21,247,18.3,9,27.6
2021-04-22,247,19.3,13.2,25.5
2021-04-23,247,19.6,15.4,25.2
2021-04-24,247,19,13.8,26.3
2021-04-25,247,17,8.8,25.5
2021-04-26,247,15.4,10.9,22
2021-04-27,247,14.6,8.8,20.9
2021-04-28,247,16.3,11.1,22.4
2021-04-29,247,16.2,11.3,22.9
2021-04-30,247,14.7,10.9,19.2
2021-05-01,247,9.5,8.2,12.8
2021-05-02,247,11.2,6.7,17.6
2021-05-03,247,14.4,4.9,23.4
2021-05-04,247,16.3,11,20.2
2021-05-05,247,14.2,6.9,20.4
2021-05-06,247,14,3,23.6
2021-05-07,247,13.6,7.2,21.8
2021-05-08,247,15.1,3.8,24.6
2021-05-09,247,15.6,7.9,23.5
2021-05-10,247,15.1,10.7,19.2
2021-05-11,247,17.3,13.1,20.8
2021-05-12,247,21.2,15.9,28.1
2021-05-13,247,22.1,13.1,30.3
2021-05-14,247,22.7,15.9,29.6
2021-05-15,247,21.3,18.2,24.1
2021-05-16,247,,,
2021-05-17,247,,,
2021-05-18,247,17.9,14.3,23.7
2021-05-19,247,19.7,12.1,28
2021-05-20,247,15.9,13.5,19.6
2021-05-21,247,15.6,13.3,19.2
2021-05-22,247,18.8,12,25.6
2021-05-23,247,20.8,12,29.7
2021-05-24,247,19.3,13.4,24.1
2021-05-25,247,15.4,10.5,21.7
2021-05-26,247,17,10.4,24.5
2021-05-27,247,15.5,11.3,22.1
2021-05-28,247,16.6,9.5,24.4
2021-05-29,247,17.9,10.9,24.6
2021-05-30,247,20.2,11.7,28.5
2021-05-31,247,21.2,14.5,28.6
2021-06-01,247,22.2,15.2,29.3
2021-06-02,247,22.1,16.5,28.7
2021-06-03,247,18,15.9,19.9
2021-06-04,247,18.7,13.8,24.9
2021-06-05,247,19.7,10.4,27.8
2021-06-06,247,21.6,15.4,29.1
2021-06-07,247,22.7,14.9,30.2
2021-06-08,247,24.3,16.8,32.3
2021-06-09,247,24.9,17.9,32.1
2021-06-10,247,23.5,18.1,27.8
2021-06-11,247,23.3,18.8,28.9
2021-06-12,247,25,19.9,30.8
2021-06-13,247,24.4,21.3,29.3
2021-06-14,247,23.6,20.1,28.5
2021-06-15,247,20.7,18.8,22.4
2021-06-16,247,21.6,19.8,25.3
2021-06-17,247,21.6,19.1,25.8
2021-06-18,247,21,18.9,23.2
2021-06-19,247,22.2,16.8,29
2021-06-20,247,23.1,16.2,31
2021-06-21,247,22.7,15.4,30
2021-06-22,247,21.8,16.7,29.2
2021-06-23,247,21.3,18.1,27.5
2021-06-24,247,22.4,17.8,27.2
2021-06-25,247,23.2,18.1,29.4
2021-06-26,247,23,19.8,27.8
2021-06-27,247,23.9,17.8,29.6
2021-06-28,247,23.9,21.2,30.1
2021-06-29,247,22.2,19.4,29.2
2021-06-30,247,23,19.1,28.9
2021-07-01,247,24.7,18.9,31.5
2021-07-02,247,25.4,19.9,30.8
2021-07-03,247,23,21.5,25
2021-07-04,247,24.1,21.4,26.9
2021-07-05,247,21.3,20.2,22.6
2021-07-06,247,22.2,21.3,22.9
2021-07-07,247,23.9,22.5,25.6
2021-07-08,247,24.7,22.7,28.5
2021-07-09,247,25.3,22.9,30
2021-07-10,247,25,22.1,31.2
2021-07-11,247,25.8,21.6,31.8
2021-07-12,247,27.5,22.7,33.6
2021-07-13,247,27.6,22.8,33.4
2021-07-14,247,27.5,23.6,31.8
2021-07-15,247,27.1,22.3,33.1
2021-07-16,247,26.1,21.4,32.8
2021-07-17,247,25,20.3,30.9
2021-07-18,247,25.5,20.9,32.2
2021-07-19,247,26,22.6,30.9
2021-07-20,247,26.3,23.7,29.6
2021-07-21,247,27.3,21.8,32.8
2021-07-22,247,27.4,22.6,32
2021-07-23,247,27.8,23.3,33.7
2021-07-24,247,27.5,23.1,32.9
2021-07-25,247,27.2,22.3,33.2
2021-07-26,247,26.9,21.8,33.5
2021-07-27,247,27.4,20.6,33.5
2021-07-28,247,28.2,22.9,34.2
2021-07-29,247,27.9,23.6,32.9
2021-07-30,247,28.1,21.9,34.3
2021-07-31,247,29.1,24.6,34.8
2021-08-01,247,27.2,24.5,33.5
2021-08-02,247,26.8,24,31.9
2021-08-03,247,26.6,23.9,31.5
2021-08-04,247,26.8,21.9,33
2021-08-05,247,27.8,22.6,33.5
2021-08-06,247,27.3,22.7,34.6
2021-08-07,247,27.6,21.6,34.4
2021-08-08,247,26.7,23.6,30.5
2021-08-09,247,26.9,21.4,32.8
2021-08-10,247,25.2,22.1,31.8
2021-08-11,247,25.4,20.6,31.3
2021-08-12,247,24.4,21.1,30.4
2021-08-13,247,25,21,29.9
2021-08-14,247,23.5,21.4,27
2021-08-15,247,25.7,20.5,30.3
2021-08-16,247,25.2,22.3,29.4
2021-08-17,247,25.5,22.2,30.6
2021-08-18,247,23.7,19.2,28.4
2021-08-19,247,22.2,18.7,29.2
2021-08-20,247,23.8,17.7,30.5
2021-08-21,247,23.4,21.4,26.1
2021-08-22,247,24.8,21.4,29.7
2021-08-23,247,22.7,21.7,23.8
2021-08-24,247,24.7,22,27.6
2021-08-25,247,24.4,21.9,28.6
2021-08-26,247,25.2,21.2,31.2
2021-08-27,247,22.3,20.5,29.4
2021-08-28,247,23.9,19.5,29.4
2021-08-29,247,24.2,22,27.3
2021-08-30,247,24.8,21.8,29.7
2021-08-31,247,25.6,22,30.9
2021-09-01,247,24.6,22,27.4
2021-09-02,247,21.7,19.4,24.9
2021-09-03,247,21.5,19.1,23.9
2021-09-04,247,22.4,18,27.1
2021-09-05,247,21.2,18.4,24
2021-09-06,247,19.3,17.8,20.8
2021-09-07,247,21.3,19.4,23.9
2021-09-08,247,21.2,17.6,26.5
2021-09-09,247,21.4,15.9,27.6
2021-09-10,247,20.8,19.3,23.2
2021-09-11,247,23.1,18,29.5
2021-09-12,247,23.9,18.3,30
2021-09-13,247,23.4,19.8,27
2021-09-14,247,21.9,20.8,23.5
2021-09-15,247,22.9,20.1,27.1
2021-09-16,247,22,18.8,25.8
2021-09-17,247,21.6,19.4,24.5
2021-09-18,247,22,18.4,27.9
2021-09-19,247,21.6,16,28.5
2021-09-20,247,22.9,17.7,28
2021-09-21,247,22.6,18.5,25.9
2021-09-22,247,21,17.6,27.2
2021-09-23,247,19.5,14.8,25.8
2021-09-24,247,19.7,12.5,26.2
2021-09-25,247,21,15.9,26.3
2021-09-26,247,21.7,19.4,25.3
2021-09-27,247,21.9,18.6,26.3
2021-09-28,247,21.5,19.3,25.1
2021-09-29,247,21.8,20.3,27.1
2021-09-30,247,22,17.7,28.4
2021-10-01,247,20.9,14.7,28.2
2021-10-02,247,20.5,15.3,27.8
2021-10-03,247,21,14.3,29.8
2021-10-04,247,23.3,16.1,29.7
2021-10-05,247,21.8,16.3,29
2021-10-06,247,21.1,15.2,28.3
2021-10-07,247,20.7,16.2,27
2021-10-08,247,20.8,17.7,24.9
2021-10-09,247,22.7,18.2,29.4
2021-10-10,247,22.5,17.3,29
2021-10-11,247,15.1,13.8,21.1
2021-10-12,247,16.4,15.1,17
2021-10-13,247,18.7,15.8,22.2
2021-10-14,247,19.1,15,25.7
2021-10-15,247,17,12.6,21.2
2021-10-16,247,12.4,6.2,16.4
2021-10-17,247,5.6,0,12.3
2021-10-18,247,8.1,-1.2,17.2
2021-10-19,247,9.7,5.2,16.7
2021-10-20,247,8.1,2.6,15.6
2021-10-21,247,8.4,2.7,16.6
2021-10-22,247,8.6,1.8,15.8
2021-10-23,247,9.4,1.7,18.7
2021-10-24,247,9.7,2.6,19.1
2021-10-25,247,10.1,3.4,18.6
2021-10-26,247,10.2,1.8,19.9
2021-10-27,247,11.6,6.4,19.6
2021-10-28,247,10.7,2.2,21.1
2021-10-29,247,12.1,5.4,19.6
2021-10-30,247,11.3,7.5,16.2
2021-10-31,247,11.5,4.4,20.9
2021-11-01,247,12.2,7.7,19.5
2021-11-02,247,9.2,4.3,16.6
2021-11-03,247,9,2.8,17.4
2021-11-04,247,10.3,4,19.9
2021-11-05,247,10.6,3.8,18.9
2021-11-06,247,12.7,4.5,20.3
2021-11-07,247,14.4,6.5,21.5
2021-11-08,247,10.6,6.3,18.8
2021-11-09,247,6.5,4.3,8.9
2021-11-10,247,5.7,3.7,8.6
2021-11-11,247,6.1,3.8,8.5
2021-11-12,247,4.4,1.8,7.9
2021-11-13,247,6.1,1.2,13.1
2021-11-14,247,6.9,0.9,16
2021-11-15,247,7.1,1.6,15.5
2021-11-16,247,7.5,2,16.2
2021-11-17,247,6.3,-0.5,14.7
2021-11-18,247,7.4,0.8,16
2021-11-19,247,8.2,1.5,17.3
2021-11-20,247,7.7,3.4,16.2
2021-11-21,247,9.3,4.1,14.3
2021-11-22,247,5.1,0.9,10.8
2021-11-23,247,1.8,0.3,3.8
2021-11-24,247,4.7,0.8,10.6
2021-11-25,247,5.6,0,14.3
2021-11-26,247,3.5,-1.8,11.6
2021-11-27,247,3.3,-2.3,11.9
2021-11-28,247,3.8,-3.4,13.5
2021-11-29,247,4.9,-3,15
2021-11-30,247,6,2.2,10.4
2021-12-01,247,0.2,-3.6,2.9
2021-12-02,247,1.3,-5.1,7.2
2021-12-03,247,3.4,0.3,7.7
2021-12-04,247,1.2,-3.4,6.4
2021-12-05,247,2.3,-4.1,10.6
2021-12-06,247,5.6,-0.2,14.1
2021-12-07,247,4.8,-1.2,13.3
2021-12-08,247,4.1,-2.2,13.4
2021-12-09,247,4.2,-2.2,11
2021-12-10,247,6.7,2.7,13.6
2021-12-11,247,5.6,-0.1,12.5
2021-12-12,247,4,-1.7,9.1
2021-12-13,247,-2.1,-6.7,4.3
2021-12-14,247,-0.2,-7.1,7
2021-12-15,247,4.6,-1,12.9
2021-12-16,247,4.5,1.1,9.8
2021-12-17,247,-1.5,-7,5.1
2021-12-18,247,-4.2,-11.6,1.1
2021-12-19,247,0,-3.5,5.2
2021-12-20,247,2.3,-3.1,10.7
2021-12-21,247,3.6,-1.6,12.4
2021-12-22,247,2.1,-3.6,12.1
2021-12-23,247,1.6,-5.3,10.9
2021-12-24,247,1.3,-3.9,9.9
2021-12-25,247,-6.2,-9.8,-1.1
2021-12-26,247,-8.1,-11.8,-3.5
2021-12-27,247,-3.9,-12.5,2.8
2021-12-28,247,1.7,-1,5.2
2021-12-29,247,2.6,-2.3,7.5
2021-12-30,247,-0.3,-2.7,2.9
2021-12-31,247,-4.4,-8.8,-0.3
2022-01-01,247,-3.8,-10.6,4.2
2022-01-02,247,-2.7,-8,5.2
2022-01-03,247,-2.6,-8.7,5.3
2022-01-04,247,-0.6,-5.1,6
2022-01-05,247,0.1,-4.3,4.5
2022-01-06,247,-0.1,-5.1,6
2022-01-07,247,-2.5,-9.4,7.2
2022-01-08,247,-1.6,-9.3,6.9
2022-01-09,247,0.9,-3.7,7
2022-01-10,247,0.4,-6,8.6
2022-01-11,247,-2.9,-6.2,0.6
2022-01-12,247,-4.8,-9,0.6
2022-01-13,247,-4.7,-8.5,-0.5
2022-01-14,247,-4.1,-10,3.2
2022-01-15,247,0,-6.6,7.3
2022-01-16,247,-0.2,-4.7,3.8
2022-01-17,247,-2.5,-7.8,1.4
2022-01-18,247,-4.2,-10.5,2.7
2022-01-19,247,-3.2,-11.4,6
2022-01-20,247,-3.5,-9.3,3.7
2022-01-21,247,-2,-10.3,7
2022-01-22,247,3.4,-1.8,9.6
2022-01-23,247,4.7,-0.9,11.4
2022-01-24,247,4.3,-1.8,7.7
2022-01-25,247,4.3,2.9,6
2022-01-26,247,1.4,-2.1,6.8
2022-01-27,247,0.6,-4.1,6.8
2022-01-28,247,-1,-5.5,4.6
2022-01-29,247,-1.1,-3.5,3.8
2022-01-30,247,-1.9,-6.7,5.1
2022-01-31,247,-2.1,-10,6.5
2022-02-01,247,-0.5,-2.8,2.2
2022-02-02,247,-0.8,-5,4.3
2022-02-03,247,-1.8,-7.5,4
2022-02-04,247,-3.1,-8.1,2.3
2022-02-05,247,-4,-7,-1.1
2022-02-06,247,-4.2,-10.3,0.6
2022-02-07,247,-2.3,-8.3,1.8
2022-02-08,247,-0.9,-7.4,5.9
2022-02-09,247,0.4,-7.6,8.7
2022-02-10,247,1.8,-3.3,8.3
2022-02-11,247,1.5,-6.8,11
2022-02-12,247,4,-2.8,13.3
2022-02-13,247,5.1,-0.2,12
2022-02-14,247,3.8,-2.8,10.8
2022-02-15,247,-2.5,-5.9,1.4
2022-02-16,247,-5,-6.9,-2.3
2022-02-17,247,-5.8,-11.6,0.1
2022-02-18,247,-1.6,-11.9,7.4
2022-02-19,247,0.6,-3.1,5.5
2022-02-20,247,-3.9,-7.3,0.6
2022-02-21,247,-1.5,-9.1,5.4
2022-02-22,247,-1.6,-5.2,2.5
2022-02-23,247,-3.9,-7.4,1.3
2022-02-24,247,-3.2,-10.6,4.6
2022-02-25,247,0,-8.9,9.9
2022-02-26,247,3.9,-4.6,12.6
2022-02-27,247,2.6,-4.8,11.4
2022-02-28,247,4.7,-5.5,15
2022-03-01,247,5.4,1.2,12.1
2022-03-02,247,1.7,-4.7,8.9
2022-03-03,247,3.9,-4.6,13.3
2022-03-04,247,7.2,-2.1,15.7
2022-03-05,247,3.7,-1.2,9.2
2022-03-06,247,0.8,-6.7,8.2
2022-03-07,247,2.9,-4.5,12.5
2022-03-08,247,4.6,-5,14.9
2022-03-09,247,6.8,-2.8,17.8
2022-03-10,247,8.2,-1.6,17.8
2022-03-11,247,11.9,2.7,18.9
2022-03-12,247,15.7,8.8,21.9
2022-03-13,247,14.7,13.2,16.7
2022-03-14,247,11.2,5.4,15.5
2022-03-15,247,10,1.7,20
2022-03-16,247,11.7,2.1,21.2
2022-03-17,247,9.7,6.6,13.5
2022-03-18,247,6.8,4.7,9.1
2022-03-19,247,3.8,1.2,5.6
2022-03-20,247,3,-1.4,7.6
2022-03-21,247,5.9,-1.6,13
2022-03-22,247,6.9,0.4,13
2022-03-23,247,4.3,0.4,10.5
2022-03-24,247,7.2,-2.3,16.4
2022-03-25,247,13.1,4.3,17.5
2022-03-26,247,10.9,7.1,16.4
2022-03-27,247,7.8,2.4,17.3
2022-03-28,247,7.3,-0.4,14.8
2022-03-29,247,9.2,0.4,18.9
2022-03-30,247,12.6,3.1,20.9
2022-03-31,247,10.4,7.6,14.4
2022-04-01,247,10,6,15.3
2022-04-02,247,7,0.5,15.1
2022-04-03,247,7.8,-1.7,17.5
2022-04-04,247,9.2,-0.2,18.9
2022-04-05,247,9.5,-0.7,18.9
2022-04-06,247,11.7,1.9,21.4
2022-04-07,247,10.8,5.3,18.4
2022-04-08,247,12.4,1.3,23.6
2022-04-09,247,16.1,6.3,26.1
2022-04-10,247,16.9,6.3,25.7
2022-04-11,247,18.2,10.3,26.1
2022-04-12,247,20.2,11.4,28.2
2022-04-13,247,16.6,10.9,22.4
2022-04-14,247,11.9,9.7,15.2
2022-04-15,247,13,7.3,20
2022-04-16,247,10.8,3.1,19.9
2022-04-17,247,11.9,1.7,20.9
2022-04-18,247,13.7,6.8,22.2
2022-04-19,247,14.1,4.8,24.3
2022-04-20,247,13.8,3.2,23.7
2022-04-21,247,10.9,7.4,15.7
2022-04-22,247,15.7,5.6,25.6
2022-04-23,247,18.5,13.7,26
2022-04-24,247,19.1,13.1,27.4
2022-04-25,247,18.6,11.1,26.2
2022-04-26,247,17.3,14.8,20
2022-04-27,247,16.2,10.6,23.9
2022-04-28,247,15.9,8.3,24.1
2022-04-29,247,12.8,9.5,17.7
2022-04-30,247,12.4,10,15.7
2022-05-01,247,11.6,5.6,18.6
2022-05-02,247,11.2,2.9,20.5
2022-05-03,247,12.1,2.2,21.5
2022-05-04,247,15.6,5.2,25.8
2022-05-05,247,17.5,7.9,26.4
2022-05-06,247,18.8,10.4,26.9
2022-05-07,247,17,11.1,24.3
2022-05-08,247,17.3,10.8,22.9
2022-05-09,247,16.4,12.6,21.3
2022-05-10,247,17.5,10.2,24.9
2022-05-11,247,19.7,14.9,24.8
2022-05-12,247,20.4,15.5,25.5
2022-05-13,247,16.6,10.6,20.4
2022-05-14,247,14.3,7.2,21.8
2022-05-15,247,14,8.4,20.8
2022-05-16,247,15.2,5.8,23.7
2022-05-17,247,17.8,7.1,26.7
2022-05-18,247,19.3,10.1,27.8
2022-05-19,247,18.1,10.5,26
2022-05-20,247,19,13.3,25.1
2022-05-21,247,19.4,12.4,26.6
2022-05-22,247,20.6,11.4,29.7
2022-05-23,247,21.7,13.5,29.6
2022-05-24,247,21.9,12.4,31.3
2022-05-25,247,21.2,14,29.9
2022-05-26,247,19.4,13.4,25.7
2022-05-27,247,18.8,9.8,27.2
2022-05-28,247,20.7,11.6,29.6
2022-05-29,247,21.4,10.7,29.3
2022-05-30,247,19.8,18,22.6
2022-05-31,247,21.1,12,29.2
2022-06-01,247,22.1,14.8,31.1
2022-06-02,247,21.6,12,30.5
2022-06-03,247,23.8,15.8,33
2022-06-04,247,24,16.5,30.6
2022-06-05,247,17.2,15.3,22
2022-06-06,247,18.8,15.9,23.8
2022-06-07,247,17.8,15.4,21
2022-06-08,247,18.7,14.6,23.4
2022-06-09,247,20.8,14.6,27
2022-06-10,247,21.1,14.7,27.3
2022-06-11,247,22.1,16.3,29.9
2022-06-12,247,22.4,17.1,27.6
2022-06-13,247,21.3,18.5,25.1
2022-06-14,247,17.7,16.3,19.6
2022-06-15,247,19.9,15.3,25
2022-06-16,247,21.9,18.3,27.5
2022-06-17,247,22.2,15.9,28.1
2022-06-18,247,24.6,19.2,30.3
2022-06-19,247,25.6,20.3,31.8
2022-06-20,247,26.1,20.5,33.3
2022-06-21,247,26.7,22.3,33.3
2022-06-22,247,27,21,33.3
2022-06-23,247,25.4,21.7,29.7
2022-06-24,247,24.8,22.3,28.7
2022-06-25,247,25.7,21.4,30.6
2022-06-26,247,27.1,24.1,30.8
2022-06-27,247,27,25.1,29.1
2022-06-28,247,27.1,25.5,30
2022-06-29,247,27.4,25.9,30.6
2022-06-30,247,26.9,23.4,30.7
2022-07-01,247,27.2,21.3,33.1
2022-07-02,247,27.4,20.7,34.2
2022-07-03,247,28.2,22,34.2
2022-07-04,247,26.3,24,29.7
2022-07-05,247,26.9,23.2,32.2
2022-07-06,247,28.6,24.1,33.8
2022-07-07,247,28.5,24.8,33.2
2022-07-08,247,25.9,22.8,28.3
2022-07-09,247,25.6,22.3,30.4
2022-07-10,247,27.5,21.7,33.3
2022-07-11,247,25.9,23.2,31.2
2022-07-12,247,26.9,24.5,30.2
2022-07-13,247,25.5,23.4,27.3
2022-07-14,247,26.1,22.9,31
2022-07-15,247,25,20.4,30.8
2022-07-16,247,24.8,19.4,31
2022-07-17,247,24.8,21,28.6
2022-07-18,247,21.7,20.6,24
2022-07-19,247,24.8,21.8,30.1
2022-07-20,247,25.8,20.3,32
2022-07-21,247,23.6,21.5,27.8
2022-07-22,247,23.8,20.1,27.9
2022-07-23,247,23.7,19.4,28.6
2022-07-24,247,23.8,21.5,26
2022-07-25,247,25.7,22.2,31.3
2022-07-26,247,26.4,22.4,32
2022-07-27,247,25.9,21.3,30.8
2022-07-28,247,27,20.8,32.8
2022-07-29,247,28.6,23,34.2
2022-07-30,247,27.7,25.3,30.1
2022-07-31,247,25.5,24.4,28.2
2022-08-01,247,27.5,24.7,29.5
2022-08-02,247,27.3,25.3,30.9
2022-08-03,247,27.6,24.3,31.9
2022-08-04,247,27.6,24.9,31.9
2022-08-05,247,28,24.7,32.5
2022-08-06,247,28.7,24.7,33.5
2022-08-07,247,27.3,23.3,34
2022-08-08,247,27.9,23.9,32.3
2022-08-09,247,28.2,25.4,31.2
2022-08-10,247,27.6,24.4,29.7
2022-08-11,247,24.7,23.8,25.5
2022-08-12,247,26.9,24.4,32
2022-08-13,247,26.1,23.3,30.6
2022-08-14,247,27.9,23.8,33.3
2022-08-15,247,29.2,25.9,32.7
2022-08-16,247,25.7,22.4,28.2
2022-08-17,247,24.5,21,30
2022-08-18,247,24.3,18.5,30.8
2022-08-19,247,26.1,20.1,31.4
2022-08-20,247,25.8,23.3,27.9
2022-08-21,247,27,22.9,32.1
2022-08-22,247,26.5,22.4,32
2022-08-23,247,25,23,28.3
2022-08-24,247,22.9,21.5,24.8
2022-08-25,247,22.9,19.1,28.6
2022-08-26,247,22.7,18.5,28.5
2022-08-27,247,20.5,15,26
2022-08-28,247,20.4,13.4,27.3
2022-08-29,247,20.6,17.2,22.9
2022-08-30,247,22.8,20.5,25.8
2022-08-31,247,22,19.8,25.4
2022-09-01,247,21.5,17.6,24.9
2022-09-02,247,22.5,18.6,25.3
2022-09-03,247,23.1,20.6,26.6
2022-09-04,247,25.7,22.3,30.7
2022-09-05,247,23.9,23.2,25.3
2022-09-06,247,20.5,16.2,25.1
2022-09-07,247,20.2,14,28.1
2022-09-08,247,20.4,12.5,29
2022-09-09,247,21.9,15.8,29.2
2022-09-10,247,21.5,18,25.4
2022-09-11,247,22.7,17.3,27.7
2022-09-12,247,22,19.8,24.1
2022-09-13,247,24.5,20.6,28
2022-09-14,247,23.9,22,27.2
2022-09-15,247,24.4,21.9,27.6
2022-09-16,247,25.4,22,30.6
2022-09-17,247,26.2,20.9,32.9
2022-09-18,247,27.5,23.1,32.5
2022-09-19,247,25.3,19.1,30.2
2022-09-20,247,19.9,15.6,24.3
2022-09-21,247,18,13.1,23.9
2022-09-22,247,18,10.8,25.2
2022-09-23,247,17.1,11.3,24.9
2022-09-24,247,16.5,8.9,24
2022-09-25,247,17.5,13.1,23.7
2022-09-26,247,17.3,13.8,21.5
2022-09-27,247,19.5,12.7,27.6
2022-09-28,247,18.3,13.1,24.1
2022-09-29,247,18.7,11.9,27.6
2022-09-30,247,19.3,11.4,29.1
2022-10-01,247,20.2,11.6,29.1
2022-10-02,247,21.8,14,29
2022-10-03,247,25.1,21.6,28.5
2022-10-04,247,19.3,14.9,25.3
2022-10-05,247,15.9,12.8,21.4
2022-10-06,247,16,12.3,21.2
2022-10-07,247,15.4,11.5,19.6
2022-10-08,247,15.4,9.4,21.2
2022-10-09,247,13.6,11.1,16.1
2022-10-10,247,10.7,8.9,15.2
2022-10-11,247,11.7,7.5,17.7
2022-10-12,247,11.8,3.4,21.1
2022-10-13,247,14.6,7,23
2022-10-14,247,15,8.9,23.3
2022-10-15,247,15.9,9.8,24.8
2022-10-16,247,16.1,9.9,24
2022-10-17,247,12,4.8,17.2
2022-10-18,247,7.3,1,14.5
2022-10-19,247,8,0.2,16.6
2022-10-20,247,9.5,0.4,20.4
2022-10-21,247,11.6,4,18
2022-10-22,247,14.8,10.4,22
2022-10-23,247,12.1,6.2,19.1
2022-10-24,247,7.8,2.4,15.2
2022-10-25,247,8.1,-0.2,16.8
2022-10-26,247,10.4,2.4,18.7
2022-10-27,247,12.3,5.5,21.5
2022-10-28,247,11.7,4.1,21.7
2022-10-29,247,12.6,5.8,20.4
2022-10-30,247,13.4,5.8,21
2022-10-31,247,13.2,7.9,19.9
2022-11-01,247,12.2,5,20.7
2022-11-02,247,10.2,4,19.9
2022-11-03,247,9.2,0.6,18.9
2022-11-04,247,6.2,0.4,11.8
2022-11-05,247,5.1,-2.6,14.2
2022-11-06,247,6.7,-1.3,16.1
2022-11-07,247,7.9,0.3,18.1
2022-11-08,247,9.1,0.8,19.1
2022-11-09,247,8.9,1.1,18.4
2022-11-10,247,10.9,1.9,21.7
2022-11-11,247,13.5,5.6,22.2
2022-11-12,247,16.3,8,22.5
2022-11-13,247,10.9,7.2,19
2022-11-14,247,8.9,4.3,14.7
2022-11-15,247,6.5,0.6,14
2022-11-16,247,7,1.7,14.6
2022-11-17,247,7.7,2.4,16.4
2022-11-18,247,7.7,-0.3,18.5
2022-11-19,247,10,1.5,18.9
2022-11-20,247,11.2,7.1,17.6
2022-11-21,247,8.8,3.8,15.7
2022-11-22,247,9.8,7.2,12.2
2022-11-23,247,10.3,4.4,15.6
2022-11-24,247,7,3,15.7
2022-11-25,247,7.3,-0.5,17.4
2022-11-26,247,8,1.7,15.9
2022-11-27,247,6.2,-2.2,15.7
2022-11-28,247,12.9,5.9,17.8
2022-11-29,247,10.5,3.7,16.3
2022-11-30,247,-1.8,-4,3.7
2022-12-01,247,-1.9,-4.5,2.6
2022-12-02,247,-0.8,-5.4,5.7
2022-12-03,247,3.1,-3.4,9.6
2022-12-04,247,1,-2.3,4.9
2022-12-05,247,-1.4,-5.6,3.2
2022-12-06,247,0,-6.8,7.5
2022-12-07,247,1.9,-2.9,9.9
2022-12-08,247,3.2,-3.6,11.8
2022-12-09,247,3.2,-1.8,11.1
2022-12-10,247,1.5,-2.8,5.2
2022-12-11,247,1.6,-3.8,8.3
2022-12-12,247,0,-5.3,4.6
2022-12-13,247,2.2,-1.1,7.1
2022-12-14,247,-5.3,-9.2,-0.9
2022-12-15,247,-1.8,-10.7,4.9
2022-12-16,247,-1.3,-3.1,2.3
2022-12-17,247,-5,-9,-1.2
2022-12-18,247,-7.5,-11,-3.4
2022-12-19,247,-6,-12,1.9
2022-12-20,247,-2.5,-9.4,5.1
2022-12-21,247,0.6,-2,3.4
2022-12-22,247,-4.4,-7.7,0.1
2022-12-23,247,-7.1,-8.9,-5.3
2022-12-24,247,-7.1,-11.4,-2.6
2022-12-25,247,-6.5,-13.3,1.7
2022-12-26,247,-4.9,-11.3,2.5
2022-12-27,247,-3.9,-10,3.8
2022-12-28,247,-3.1,-6.9,2.3
2022-12-29,247,-3.4,-8.9,2.7
2022-12-30,247,-2.3,-6.7,3.3
2022-12-31,247,-1.9,-6.2,4.1
2023-01-01,247,-1.8,-6.9,5.7
2023-01-02,247,-3.1,-7.2,1.8
2023-01-03,247,-4.3,-9.9,2.8
2023-01-04,247,-2.8,-8.6,5.1
2023-01-05,247,-0.4,-5.8,6.7
2023-01-06,247,0.3,-5,6.7
2023-01-07,247,1.5,-3.8,6.1
2023-01-08,247,0,-5.6,8.4
2023-01-09,247,1.1,-4,9.4
2023-01-10,247,0.7,-6,10.4
2023-01-11,247,2.2,-4.2,11.9
2023-01-12,247,5.6,-4.5,15.6
2023-01-13,247,13.3,9.7,15.6
2023-01-14,247,7.8,4.2,10.4
2023-01-15,247,0.5,-2.5,4.4
2023-01-16,247,-3.2,-5.7,0.4
2023-01-17,247,-3.2,-7.9,2.9
2023-01-18,247,-1.7,-5.4,3.8
2023-01-19,247,-1.4,-6.8,4.1
2023-01-20,247,-1.7,-6.6,2.2
2023-01-21,247,-3.9,-9.9,3.3
2023-01-22,247,-0.4,-6,5.3
2023-01-23,247,1.2,-4.8,8.9
2023-01-24,247,-9.3,-13,-1.2
2023-01-25,247,-10.3,-16.3,-3.7
2023-01-26,247,-4.8,-12.1,-1
2023-01-27,247,-4.7,-7.4,-1.3
2023-01-28,247,-5.6,-13,-0.7
2023-01-29,247,-0.5,-7.1,5
2023-01-30,247,-1.2,-6.8,4.5
2023-01-31,247,-0.2,-9,9.9
2023-02-01,247,2.1,-2,9.9
2023-02-02,247,-0.8,-5,4.9
2023-02-03,247,-1.4,-5.4,4.5
2023-02-04,247,-1.9,-8.7,5.7
2023-02-05,247,-0.6,-8.6,8.8
2023-02-06,247,2.3,-7.9,12.7
2023-02-07,247,2.8,-4.4,14.1
2023-02-08,247,1.8,-4.8,9.9
2023-02-09,247,3.4,-5.8,10.7
2023-02-10,247,2.6,-1.1,7.5
2023-02-11,247,1.7,-2.3,7.5
2023-02-12,247,2.1,-4.3,6.5
2023-02-13,247,6.9,3.3,11.5
2023-02-14,247,2.5,-2.6,7.8
2023-02-15,247,2,-2.5,5.7
2023-02-16,247,2.8,-2.5,8.1
2023-02-17,247,2.5,-2.9,7.3
2023-02-18,247,5.9,4.3,7.7
2023-02-19,247,3.1,-2.8,6.8
2023-02-20,247,-1.1,-5.9,6.3
2023-02-21,247,-2,-9.1,5.5
2023-02-22,247,2.1,-7,10.2
2023-02-23,247,3.9,-1.7,11.4
2023-02-24,247,3.5,-1.2,11
2023-02-25,247,-1,-6.1,6.1
2023-02-26,247,0.5,-7.6,10.5
2023-02-27,247,3.2,-6.6,14.4
2023-02-28,247,5.2,-4.7,14.7
2023-03-01,247,5.9,-0.7,11.6
2023-03-02,247,1.1,-4.2,7.3
2023-03-03,247,2.6,-7.1,13.4
2023-03-04,247,5.3,-3.1,15.8
2023-03-05,247,6.5,-2.3,16
2023-03-06,247,7.1,-2.3,17
2023-03-07,247,9.4,0.5,20.4
2023-03-08,247,11.7,1.1,20.3
2023-03-09,247,14.5,7.4,21.6
2023-03-10,247,13,2.3,23.9
2023-03-11,247,14.2,4.8,23.6
2023-03-12,247,6,0.5,15.7
2023-03-13,247,2.6,-2.8,9.5
2023-03-14,247,7.1,-3.1,17.2
2023-03-15,247,11.3,2,20.7
2023-03-16,247,7.6,2,14.5
2023-03-17,247,7.9,2.5,12.2
2023-03-18,247,9,2.5,15.8
2023-03-19,247,7.5,-1.6,17.6
2023-03-20,247,9.2,-0.7,18.5
2023-03-21,247,14,6.1,23.7
2023-03-22,247,14.6,6.8,21.5
2023-03-23,247,14.6,10.9,17.2
2023-03-24,247,10,8.3,11.4
2023-03-25,247,10.2,8.1,13.2
2023-03-26,247,9.1,1.2,15.8
2023-03-27,247,6.2,-1.3,14.6
2023-03-28,247,7.5,-2.2,16.8
2023-03-29,247,10.6,0.1,21.5
2023-03-30,247,12.6,2.2,22.4
2023-03-31,247,13.7,3,24.5
2023-04-01,247,14.9,4,25.5
2023-04-02,247,15.9,8.4,21.8
2023-04-03,247,16.8,10.1,22.9
2023-04-04,247,14.7,10.6,19.9
2023-04-05,247,14.3,9.2,17
2023-04-06,247,8.9,7,10.7
2023-04-07,247,8.2,2.6,14.4
2023-04-08,247,6.2,-2,14
2023-04-09,247,8.4,-0.9,18.7
2023-04-10,247,11,0.1,21.7
2023-04-11,247,14.2,6.4,20.4
2023-04-12,247,10.5,3.4,17.7
2023-04-13,247,12.4,0.3,24.4
2023-04-14,247,11.7,5.5,17.2
2023-04-15,247,12.7,7.4,18.8
2023-04-16,247,9.2,4.7,17
2023-04-17,247,11.7,1.7,21.9
2023-04-18,247,17.1,11.9,19.8
2023-04-19,247,18.9,14.7,24
2023-04-20,247,20.5,14.3,27.9
2023-04-21,247,18.2,11.8,25.4
2023-04-22,247,16.5,12.7,21.2
2023-04-23,247,15.4,11.9,20.2
2023-04-24,247,13.7,10.7,16.7
2023-04-25,247,9.5,7.4,11.6
2023-04-26,247,8.3,3.2,15.2
2023-04-27,247,12.1,-0.1,23.1
2023-04-28,247,15.2,5.1,22.8
2023-04-29,247,14,8.9,20
2023-04-30,247,13,5.3,21.6
2023-05-01,247,13.8,5.5,21.4
2023-05-02,247,15.6,5.7,25.4
2023-05-03,247,16.3,10.1,21.4
2023-05-04,247,17.5,15.5,20.6
2023-05-05,247,19.4,15.7,21.6
2023-05-06,247,16.9,13.9,21.3
2023-05-07,247,11.2,7,13.9
2023-05-08,247,13.2,4.4,22.4
2023-05-09,247,14.7,5.4,24.1
2023-05-10,247,17.1,8.3,25.9
2023-05-11,247,18.5,9.2,26.7
2023-05-12,247,17,12.1,24.3
2023-05-13,247,17.7,13.2,24.2
2023-05-14,247,17.6,9.6,26.3
2023-05-15,247,19.1,9.7,27.6
2023-05-16,247,21.6,12.7,31.7
2023-05-17,247,21.2,11.3,30
2023-05-18,247,17.2,16.3,19
2023-05-19,247,19.9,16.4,24.5
2023-05-20,247,19.6,13.7,27
2023-05-21,247,18.1,13.1,25.5
2023-05-22,247,15.3,12.7,19.3
2023-05-23,247,17.6,9.8,25.3
2023-05-24,247,18.6,11.1,25.6
2023-05-25,247,20,15.3,26.2
2023-05-26,247,20.1,15,24.5
2023-05-27,247,22,18,27
2023-05-28,247,22.2,20.2,23.6
2023-05-29,247,21.3,20.4,22
2023-05-30,247,22.4,19.4,27.1
2023-05-31,247,22,17.5,28.1
2023-06-01,247,18,15.8,20.8
2023-06-02,247,22.2,18.5,28.1
2023-06-03,247,20.9,15.8,27.9
2023-06-04,247,20.6,13.4,28.3
2023-06-05,247,19.9,16.1,24.8
2023-06-06,247,20.9,15.3,28.4
2023-06-07,247,21.5,14,28.1
2023-06-08,247,22.4,17.8,28.9
2023-06-09,247,23.6,17.3,30.2
2023-06-10,247,22.9,18.4,31.1
2023-06-11,247,23.3,19,30
2023-06-12,247,23.9,18.9,30.7
2023-06-13,247,23.3,18.3,29.1
2023-06-14,247,20.8,15.9,28.8
2023-06-15,247,21.5,14.9,28
2023-06-16,247,24.1,15.3,31.7
2023-06-17,247,24.8,18.4,32.4
2023-06-18,247,25.4,19,33.5
2023-06-19,247,26.6,18.9,33.5
2023-06-20,247,24.6,20.1,29.5
2023-06-21,247,21.9,19.8,25
2023-06-22,247,22,18.9,27.7
2023-06-23,247,24.3,16.8,31.9
2023-06-24,247,25.3,20.6,31.3
2023-06-25,247,22.6,19.4,28.5
2023-06-26,247,24,20.8,27.3
2023-06-27,247,25.6,20.1,30.5
2023-06-28,247,23,18.7,27.4
2023-06-29,247,,22.8,26.6
2023-06-30,247,24,22.7,26
2023-07-01,247,26.3,22.3,31.8
2023-07-02,247,27,22.7,33.3
2023-07-03,247,27.2,22.2,31.8
2023-07-04,247,23.9,22.6,25.9
2023-07-05,247,25.2,21.3,30
2023-07-06,247,25.5,19,32.8
2023-07-07,247,22,20.6,23.9
2023-07-08,247,25.7,21.2,30.1
2023-07-09,247,26.8,23.8,30.3
2023-07-10,247,28,24.6,32.7
2023-07-11,247,24.1,22.1,29.1
2023-07-12,247,26,22.7,29.7
2023-07-13,247,25.9,23.6,27.8
2023-07-14,247,25.6,23.9,26.6
2023-07-15,247,25.4,22.9,27.6
2023-07-16,247,24.2,21.9,29.4
2023-07-17,247,25.1,22.7,31.6
2023-07-18,247,23.6,22.8,24.4
2023-07-19,247,26.7,22.6,31.9
2023-07-20,247,27.2,23.1,32.9
2023-07-21,247,26.6,22.5,33.6
2023-07-22,247,24.2,21.5,26.8
2023-07-23,247,26.9,25.1,29.8
2023-07-24,247,25.7,22.8,28.7
2023-07-25,247,26,23.8,30.4
2023-07-26,247,26.4,23.4,32.5
2023-07-27,247,27.6,22.7,33.9
2023-07-28,247,27.4,23.5,32.6
2023-07-29,247,28.2,23,34.7
2023-07-30,247,26.9,23.3,32.8
2023-07-31,247,27.4,22.3,34.5
2023-08-01,247,28.6,23.1,34.8
2023-08-02,247,28.9,23.2,36.1
2023-08-03,247,28.9,24.2,34.9
2023-08-04,247,28.9,23.9,34.3
2023-08-05,247,29.7,24,36.1
2023-08-06,247,30.4,25.3,35.9
2023-08-07,247,29,25.8,37
2023-08-08,247,30.4,25.3,35.8
2023-08-09,247,26.4,24.1,28.8
2023-08-10,247,22.7,21.6,24.1
2023-08-11,247,26.6,21.9,31.7
2023-08-12,247,26.1,23.3,31.5
2023-08-13,247,27,22.1,32.2
2023-08-14,247,28.4,24.3,34.3
2023-08-15,247,28,23.3,33.9
2023-08-16,247,28,25.3,32.8
2023-08-17,247,26.5,22.8,32.8
2023-08-18,247,26.7,23.2,33.1
2023-08-19,247,28,23.9,34
2023-08-20,247,28.5,24.8,34
2023-08-21,247,28.3,24.2,33.7
2023-08-22,247,27.2,23.7,33
2023-08-23,247,27,24,32
2023-08-24,247,25.1,23.8,28.5
2023-08-25,247,25.7,21.6,31.1
2023-08-26,247,24.8,19.2,32.2
2023-08-27,247,26.3,20.6,32.4
2023-08-28,247,26.7,23.7,30.1
2023-08-29,247,25.8,23.2,28.6
2023-08-30,247,21.8,21.2,23.2
2023-08-31,247,24.6,20.6,29.5
2023-09-01,247,24.5,20.8,30.5
2023-09-02,247,23.8,20.6,27.3
2023-09-03,247,26,21.3,32
2023-09-04,247,25.6,22.8,32.2
2023-09-05,247,26.7,22.3,32.1
2023-09-06,247,25.6,20.3,32
2023-09-07,247,24.5,19.9,30.3
2023-09-08,247,23.5,17.3,29.7
2023-09-09,247,23.9,17.4,30.9
2023-09-10,247,24,19.7,30.4
2023-09-11,247,24.7,19.4,31.3
2023-09-12,247,24.3,19.8,29.6
2023-09-13,247,23,20.5,26
2023-09-14,247,22.6,20.4,26.4
2023-09-15,247,23.4,21.2,28
2023-09-16,247,23.2,21.8,27.4
2023-09-17,247,24.6,21.3,28.8
2023-09-18,247,24.9,21.4,30.6
2023-09-19,247,23.9,21,29.1
2023-09-20,247,22.9,20,26.6
2023-09-21,247,20.8,18.9,26
2023-09-22,247,20.7,16.5,26.4
2023-09-23,247,19.8,14.3,25.5
2023-09-24,247,21.7,19,26.4
2023-09-25,247,22.5,19.6,26.9
2023-09-26,247,21.8,20.8,23.1
2023-09-27,247,22.1,20.4,25.3
2023-09-28,247,21.7,17.8,27
2023-09-29,247,20.3,15,26.6
2023-09-30,247,18.6,15,24.1
2023-10-01,247,17.4,11.3,23.8
2023-10-02,247,16.4,9.4,24.8
2023-10-03,247,15.4,12.3,19.2
2023-10-04,247,17.2,9.9,24.7
2023-10-05,247,15.1,10.6,20.1
2023-10-06,247,14.8,9.1,21.7
2023-10-07,247,16.3,11.1,21.2
2023-10-08,247,17.8,14.6,22
2023-10-09,247,17.7,13.7,23.2
2023-10-10,247,16.4,11.1,22.5
2023-10-11,247,16.4,10,24.2
2023-10-12,247,16.1,9,23.6
2023-10-13,247,16.3,10.8,22.1
2023-10-14,247,15.3,10.3,21.6
2023-10-15,247,14.7,10.3,22
2023-10-16,247,13.2,7.9,20.5
2023-10-17,247,12.3,5.5,21.9
2023-10-18,247,13.6,4.9,24.4
2023-10-19,247,14.9,8.6,22.7
2023-10-20,247,11.9,8,17
2023-10-21,247,9.5,3.3,17.3
2023-10-22,247,9.9,3.1,16.9
2023-10-23,247,12.2,5.9,20.7
2023-10-24,247,12.6,6.4,20.9
2023-10-25,247,14.7,8.2,23
2023-10-26,247,15.2,9.1,22.5
2023-10-27,247,14.3,9,19.8
2023-10-28,247,12.6,6.8,20.3
2023-10-29,247,12.6,5.8,21.5
2023-10-30,247,13.5,7.2,22.1
2023-10-31,247,12.9,6.2,23.3
2023-11-01,247,14.6,6,24.5
2023-11-02,247,15.9,9.2,26.7
2023-11-03,247,16.7,9.3,24.8
2023-11-04,247,18,13.6,24.2
2023-11-05,247,19.6,16,24.6
2023-11-06,247,16.4,11.5,21.8
2023-11-07,247,9.1,3.1,13.7
2023-11-08,247,8.3,1.2,19
2023-11-09,247,13.3,4.6,20.4
2023-11-10,247,7.4,0.7,14.7
2023-11-11,247,3.3,-1.9,9.7
2023-11-12,247,3,-0.7,7.5
2023-11-13,247,2.5,-2.3,8.8
2023-11-14,247,5.6,-1.5,12.7
2023-11-15,247,6.7,1.2,14.3
2023-11-16,247,5.1,2.4,6.7
2023-11-17,247,3.5,0,7.5
2023-11-18,247,1.8,-3.2,5.4
2023-11-19,247,6.5,-1,12.4
2023-11-20,247,6.4,0.6,14.9
2023-11-21,247,5.5,-2,15.6
2023-11-22,247,7.5,-0.8,16.8
2023-11-23,247,11.7,7.2,18.7
2023-11-24,247,2.2,-2.6,7.3
2023-11-25,247,-0.1,-5,6.8
2023-11-26,247,3,-3.9,9.4
2023-11-27,247,6.6,3.7,10.3
2023-11-28,247,4.3,-1.2,7.8
2023-11-29,247,3.1,-1.2,6.5
2023-11-30,247,-0.1,-2.8,2.4
2023-12-01,247,-0.7,-4.7,3.8
2023-12-02,247,2.8,-1.6,6.3
2023-12-03,247,2.8,-2.3,8.9
2023-12-04,247,1.6,-5.4,9.8
2023-12-05,247,4.1,-2.5,13.9
2023-12-06,247,6.5,-0.6,13.6
2023-12-07,247,5.4,0.3,11.6
2023-12-08,247,10.2,0.7,18.7
2023-12-09,247,11.9,7,18.6
2023-12-10,247,12.8,6.3,19.8
2023-12-11,247,12.6,11.2,13.5
2023-12-12,247,10.1,8.9,12.5
2023-12-13,247,9.5,4.9,13.9
2023-12-14,247,10.1,9.2,10.9
2023-12-15,247,10.5,6.6,15.2
2023-12-16,247,-0.7,-4.6,6.5
2023-12-17,247,-5.9,-8.2,-2.9
2023-12-18,247,-3.2,-8.4,0.6
2023-12-19,247,-0.1,-3,3.1
2023-12-20,247,-3.3,-8,0.3
2023-12-21,247,-7.5,-10.2,-3.5
2023-12-22,247,-7.5,-11.4,-3.2
2023-12-23,247,-4.3,-10.3,1.7
2023-12-24,247,-1.8,-3.9,2.2
2023-12-25,247,-0.6,-4.8,3.5
2023-12-26,247,1.9,-0.8,8
2023-12-27,247,2.9,-1.4,10.4
2023-12-28,247,1.2,-3.3,8.8
2023-12-29,247,0.9,-4.4,8.1
2023-12-30,247,1.5,-3.8,5.7
2023-12-31,247,4.7,3.3,7
2024-01-01,247,2.9,-2.1,8.7
2024-01-02,247,3.9,1.6,7.6
2024-01-03,247,2.6,0.7,5.5
2024-01-04,247,0.6,-4,7.2
2024-01-05,247,4.1,-2.3,10.7
2024-01-06,247,2.4,-1.7,7.7
2024-01-07,247,-1.1,-5.8,2.3
2024-01-08,247,-3.5,-9.3,3.8
2024-01-09,247,-0.6,-5.5,3.1
2024-01-10,247,1.7,-3,6.7
2024-01-11,247,1,-4.1,5.6
2024-01-12,247,3.4,-2.6,9.3
2024-01-13,247,0.3,-5.4,8.2
2024-01-14,247,3.7,-4.3,13.2
2024-01-15,247,-0.7,-4.5,4.2
2024-01-16,247,-0.8,-7.7,8.2
2024-01-17,247,2.8,-1.7,5.3
2024-01-18,247,8.1,5.1,9.3
2024-01-19,247,6.4,5.2,7.7
2024-01-20,247,5.1,3.9,6.1
2024-01-21,247,4.9,1,9
2024-01-22,247,-4,-7.1,1
2024-01-23,247,-7.2,-8.9,-4.2
2024-01-24,247,-5.7,-9.5,-2.2
2024-01-25,247,-4.1,-8.6,1.9
2024-01-26,247,-1.4,-8,5.5
2024-01-27,247,1.2,-3,7.2
2024-01-28,247,-0.7,-3.9,5.2
2024-01-29,247,-1.2,-5.7,5.8
2024-01-30,247,2.2,-6.6,11.1
2024-01-31,247,7.8,2.7,15.3
2024-02-01,247,6.4,4.9,8.5
2024-02-02,247,5.5,1,11.1
2024-02-03,247,5,0.2,9.2
2024-02-04,247,5.9,3.1,9.9
2024-02-05,247,4.6,3.1,6.2
2024-02-06,247,2.9,1.5,4.4
2024-02-07,247,1,-2.8,5.4
2024-02-08,247,0.3,-5.5,7.2
2024-02-09,247,-0.1,-4.4,6.6
2024-02-10,247,1.1,-4,8.1
2024-02-11,247,1.1,-4.8,8
2024-02-12,247,3.1,-4.2,12.3
2024-02-13,247,7.3,-1.8,17.6
2024-02-14,247,10.8,5.4,16.9
2024-02-15,247,5.4,-0.6,13.5
2024-02-16,247,1.9,-4.4,9.9
2024-02-17,247,5.2,-3.2,15
2024-02-18,247,7.8,-1,12.7
2024-02-19,247,11.7,5.9,15.3
2024-02-20,247,6.4,4.6,9
2024-02-21,247,6.1,4.6,7.3
2024-02-22,247,3.8,2.8,4.8
2024-02-23,247,3.3,1.6,5.1
2024-02-24,247,3.2,1,7.2
2024-02-25,247,3.3,0.4,6.6
2024-02-26,247,4.8,-1.4,11.1
2024-02-27,247,5.7,2.3,10.5
2024-02-28,247,6.8,-1.2,13.5
2024-02-29,247,4.8,2.9,7.4
2024-03-01,247,-1.7,-5.9,3.9
2024-03-02,247,-1.8,-9.1,5
2024-03-03,247,3.8,-2.4,9.9
2024-03-04,247,6.3,-1.2,13.5
2024-03-05,247,6.3,4.4,7.4
2024-03-06,247,8.6,4.8,13.2
2024-03-07,247,3.9,-1.8,8.5
2024-03-08,247,2.6,-2.3,7.5
2024-03-09,247,1.3,-5.1,8.6
2024-03-10,247,3.9,-5.2,13
2024-03-11,247,4.7,-2.7,11.9
2024-03-12,247,4.5,0,10.5
2024-03-13,247,5.2,-0.4,13.6
2024-03-14,247,6.4,-1.8,16
2024-03-15,247,7.6,-1.9,18.6
2024-03-16,247,10.9,-1.1,21.4
2024-03-17,247,9.9,3.8,15.9
2024-03-18,247,7.9,-1.8,17.1
2024-03-19,247,7.4,3.9,14
2024-03-20,247,4,-1.7,8.7
2024-03-21,247,4.2,-3.2,11.9
2024-03-22,247,9.8,1,16.1
2024-03-23,247,16.7,12,23.4
2024-03-24,247,12.6,11.2,14.6
2024-03-25,247,10.2,7.7,12.6
2024-03-26,247,9.2,5.6,13.4
2024-03-27,247,9.8,2.8,16.6
2024-03-28,247,9.4,7.7,10.3
2024-03-29,247,9.4,3.9,15.9
2024-03-30,247,11.4,1.5,20.5
2024-03-31,247,12.1,4.3,20.7
2024-04-01,247,12.9,3.1,23.5
2024-04-02,247,14.1,5.5,24.4
2024-04-03,247,13.6,12.5,14.6
2024-04-04,247,12.5,10.2,14.9
2024-04-05,247,13,9.2,18.7
2024-04-06,247,13,6.7,20.5
2024-04-07,247,15.6,5.8,25
2024-04-08,247,16.1,8.4,23.8
2024-04-09,247,14.8,8,21.4
2024-04-10,247,15,8.9,21.3
2024-04-11,247,14.5,10.7,19.3
2024-04-12,247,16.5,7.8,25.1
2024-04-13,247,18.2,9.6,27.9
2024-04-14,247,18.6,9.4,26.8
2024-04-15,247,17.5,14.7,21.3
2024-04-16,247,15.4,8.9,22.1
2024-04-17,247,15.2,5.8,24.4
2024-04-18,247,16.9,8.5,25.1
2024-04-19,247,17.8,8.1,27
2024-04-20,247,14.8,12.7,16.5
2024-04-21,247,16.3,14.5,18.1
2024-04-22,247,16.3,14,18.9
2024-04-23,247,15.4,11.1,20.6
2024-04-24,247,13.2,8.8,18.4
2024-04-25,247,15.9,6,26
2024-04-26,247,17.1,10.9,24.3
2024-04-27,247,18.8,9.3,28.5
2024-04-28,247,19.9,10.4,29.4
2024-04-29,247,16.3,15,19.3
2024-04-30,247,16.8,13.9,22.5
2024-05-01,247,14.9,12.3,19.3
2024-05-02,247,16.1,8.9,23.6
2024-05-03,247,18.3,9,27.7
2024-05-04,247,19.8,10.2,26.7
2024-05-05,247,18.9,17.7,21.5
2024-05-06,247,15.6,14,18.6
2024-05-07,247,13.7,11.7,15.7
2024-05-08,247,14.2,9.4,19.8
2024-05-09,247,14.8,6.9,23.7
2024-05-10,247,17.5,7.5,26.5
2024-05-11,247,18.5,10.9,25.3
2024-05-12,247,17.1,11.6,22.9
2024-05-13,247,16.6,8.6,25.3
2024-05-14,247,17.8,8.8,26.5
2024-05-15,247,14.5,9,24.4
2024-05-16,247,14.2,7.4,21.2
2024-05-17,247,17.2,9.1,25.6
2024-05-18,247,19.4,9.2,29.1
2024-05-19,247,20.2,11.7,30.1
2024-05-20,247,20.3,10.6,28.5
2024-05-21,247,21.5,13.1,29
2024-05-22,247,22.4,15.6,29.7
2024-05-23,247,22.5,15.9,30.3
2024-05-24,247,22.1,12.7,30.4
2024-05-25,247,20.9,16.7,25.9
2024-05-26,247,20.4,15.3,24.3
2024-05-27,247,18.7,14.4,23.4
2024-05-28,247,19,12.1,25.4
2024-05-29,247,20.8,12,28.6
2024-05-30,247,20.3,15,25.6
2024-05-31,247,21.1,15.3,27.3
2024-06-01,247,18.5,14,24.7
2024-06-02,247,19,11.4,26.8
2024-06-03,247,19.8,11.8,28.4
2024-06-04,247,21.2,16.4,28.6
2024-06-05,247,21.6,15.6,28.9
2024-06-06,247,20.9,15.8,26.4
2024-06-07,247,21.4,14.5,27.5
2024-06-08,247,19.2,17.6,20.8
2024-06-09,247,22.9,17.9,28.8
2024-06-10,247,24.1,16.3,31.6
2024-06-11,247,24.6,17.6,32.2
2024-06-12,247,25.3,17.9,32.4
2024-06-13,247,25.8,17.1,35
2024-06-14,247,25.7,18.3,32.8
2024-06-15,247,25.8,20,32.1
2024-06-16,247,24.1,19.1,30.1
2024-06-17,247,21.7,15.3,28.2
2024-06-18,247,24.5,15.4,34
2024-06-19,247,26.1,16.8,35.9
2024-06-20,247,22.8,18.3,26.2
2024-06-21,247,26,20.5,31.4
2024-06-22,247,23.4,21.6,24.6
2024-06-23,247,23.9,22.3,27.3
2024-06-24,247,24.2,21.2,29.4
2024-06-25,247,22,17.3,28
2024-06-26,247,23,15.9,30.2
2024-06-27,247,20,16.4,23.4
2024-06-28,247,24.8,16.1,32.5
2024-06-29,247,23.3,20.3,25.4
2024-06-30,247,24.4,23.8,26
2024-07-01,247,26.3,23.1,31.2
2024-07-02,247,26.7,22.8,30.9
2024-07-03,247,26.9,23.6,31.2
2024-07-04,247,27.2,21,32.9
2024-07-05,247,27.2,23.7,31.5
2024-07-06,247,27.6,23.5,30.7
2024-07-07,247,28.1,26.3,31.4
2024-07-08,247,26.7,25.3,28.8
2024-07-09,247,24.6,23.1,26.8
2024-07-10,247,25.5,23.4,27.9
2024-07-11,247,24,21.9,27.8
2024-07-12,247,24.4,21.1,30
2024-07-13,247,25.5,22.1,29.4
2024-07-14,247,24.6,22.4,28.2
2024-07-15,247,26.1,22,30.7
2024-07-16,247,23.9,22.8,25.6
2024-07-17,247,26.6,22.5,30.7
2024-07-18,247,27.2,25.1,29.4
2024-07-19,247,24.8,22.8,28.2
2024-07-20,247,26.2,21.6,31.9
2024-07-21,247,28.4,24,33.1
2024-07-22,247,28.9,24.3,33.1
2024-07-23,247,28.6,26.2,31.6
2024-07-24,247,28.3,24.9,34.3
2024-07-25,247,29,24.3,34.1
2024-07-26,247,27.2,24.8,31.8
2024-07-27,247,28.4,25.3,31.1
2024-07-28,247,29.8,27.3,33.9